{"_timestamp":1.7374585796385415e+09,"_step":52,"val_loss":123.4270507686084,"_runtime":2015.044068221,"train_loss":117.46291856120192,"trainer/global_step":439,"lr":0.0010000000474974513,"epoch":21,"validation_results":{"sha256":"6b1a799acf1df9c97f7564d279ffe118354426a6ca312a3e0b3780a231bb8c90","size":307582,"artifact_path":"wandb-client-artifact://50ytig3nejh64l0d5vj0mv1jrxsmlq44tw7rtbprjvhm5mq8llet3ofzlxlp9ogd0tihi5jucmsz5nw9fal4b1v3xtz23rqk833sofyznxa7o3ormf6otanpip8r58qr/validation_results.table.json","_latest_artifact_path":"wandb-client-artifact://18qn58k76p6ivy77j61dssvhld8g99lcgr6slzb4pmu6hhlpqb8zx8c3clcueb6z09hx3re6f8v4blvn4waaw8xbwc0aoqarsdard08n7vzalpksxpg0hfxinzf3vr9w:latest/validation_results.table.json","path":"media/table/validation_results_52_6b1a799acf1df9c97f75.table.json","ncols":3,"nrows":5000,"_type":"table-file"},"_wandb":{"runtime":2015}}